NPA,2010,2012,2014,2015,2016,2017,2018,2020,2022,2023,2024,2025,2010 Raw,2012 Raw,2014 Raw,2015 Raw,2016 Raw,2017 Raw,2018 Raw,2020 Raw,2022 Raw,2023 Raw,2024 Raw,2025 Raw
2,"42.1%","77%","54.3%","23.2%","73%","23.6%","66.4%","71.1%","58.6%","20.5%","80.7%","31.6%","496","1,029","603","270","309","383","811","1,190","801","262","1,098","430"
3,"47.1%","81.4%","53.3%","24%","69.7%","25.5%","66.7%","74.7%","60.6%","20.3%","79.4%","27.4%","2,172","4,425","2,787","1,354","1,128","1,736","3,991","7,459","4,485","1,427","7,030","2,423"
4,"66.1%","88.1%","69.5%","41.6%","85.2%","43.1%","78.4%","87.3%","74.5%","35.6%","87.7%","43.4%","485","687","505","306","710","381","632","810","579","288","711","352"
5,"23.2%","67.6%","28.6%","4.6%","70.8%","8%","42.5%","46.9%","30.2%","10.9%","57.6%","11.8%","79","269","120","20","779","41","141","253","100","34","230","47"
6,"27.5%","67.8%","34.6%","9.6%","62.2%","11.5%","47.4%","52.5%","39.5%","12.5%","68.6%","20.5%","280","795","380","107","672","158","452","771","408","120","694","207"
7,"62.8%","87.4%","68.4%","43.5%","75.6%","40.5%","74.1%","84.7%","67.4%","26.7%","86.9%","37.3%","565","826","611","399","1,048","424","694","909","826","325","1,067","458"
8,"46.4%","79.8%","57.7%","26.3%","70.2%","31.9%","73.3%","76.9%","66.3%","31.4%","87.1%","39.8%","455","816","583","257","1,374","363","691","1,149","868","404","1,144","522"
9,"32.6%","77%","55.9%","26%","81.3%","27.3%","71.8%","79.2%","66.1%","23.5%","93.1%","33%","111","265","175","87","658","138","280","433","302","105","429","152"
10,"34.1%","69.4%","45.5%","16.6%","78.9%","17.8%","57.8%","66.6%","52.8%","17.7%","82%","32.2%","618","1,419","750","286","924","471","1,070","1,736","1,101","356","1,522","597"
11,"55.3%","87.8%","67.5%","33.2%","78.8%","39.2%","76.8%","85%","71.9%","30%","88.5%","42.5%","890","1,498","1,052","539","1,630","821","1,457","1,846","1,485","623","1,839","883"
12,"28.5%","71.4%","34%","7.6%","70.1%","7.4%","45.5%","49.6%","26.4%","7.7%","66.3%","10.7%","235","715","304","73","2,103","102","437","676","226","57","429","69"
13,"32.9%","76.6%","48.4%","15.8%","74.9%","18.3%","58.9%","62.4%","46.3%","15.8%","77.6%","26.7%","448","1,114","621","222","946","393","970","1,384","860","256","1,216","418"
14,"40.6%","78.9%","48.6%","14.3%","47.5%","17.5%","62.1%","67.8%","45.1%","16.4%","76%","22.9%","697","1,496","816","259","122","396","1,146","1,709","886","313","1,417","426"
15,"56.6%","81.2%","63.3%","32.2%","64.5%","32.9%","73.8%","80.9%","70%","33.8%","88.9%","41.9%","821","1,227","862","456","685","558","1,070","1,441","1,106","525","1,375","648"
16,"41.8%","76.8%","48.9%","16.4%","77.9%","18.7%","57.5%","66.4%","45.3%","17.6%","75.7%","25%","930","1,893","1,052","370","619","579","1,316","2,054","1,080","396","1,722","570"
17,"47.5%","76.9%","51.3%","18.5%","71.9%","22%","63.6%","64.6%","49.5%","21.4%","77.6%","27.9%","865","1,563","1,018","374","1,093","481","1,051","1,489","822","336","1,209","434"
18,"48.2%","83.9%","56.9%","30.5%","72.6%","33.2%","70.2%","77%","63.4%","24.3%","81.8%","32%","867","1,655","1,049","608","431","793","1,436","2,201","1,618","613","2,139","836"
19,"54.2%","83.1%","63.7%","31.4%","71.6%","33.7%","76.2%","83.1%","69.7%","33%","89.6%","41.6%","1,425","2,274","1,548","785","194","1,047","2,002","2,641","1,977","933","2,572","1,194"
20,"48.2%","83.5%","58.7%","22.5%","64.2%","26%","70.4%","75.3%","64.6%","23.4%","85.8%","29.9%","907","1,616","1,009","413","769","603","1,341","1,814","1,349","349","1,685","587"
21,"31.4%","71.7%","42.4%","11.2%","58.3%","9.6%","52.2%","57.6%","36%","8.7%","64.3%","15.4%","238","739","375","107","570","150","580","907","464","109","1,136","273"
22,"31.4%","67.8%","40.8%","8.8%","72.7%","12.5%","55.4%","76.1%","50.6%","9.3%","74.4%","20.7%","130","374","179","45","532","114","372","1,581","949","214","2,469","688"
23,"37.7%","79.7%","45.4%","13.8%","65.9%","16.3%","53.6%","63.6%","43.2%","17.2%","76.5%","23.6%","197","525","287","93","507","134","335","598","325","129","499","154"
24,"37.1%","71.2%","57.9%","27.6%","74.3%","22.8%","68.1%","77.2%","65.5%","21.5%","76.4%","27.8%","190","375","230","116","606","142","324","466","311","103","558","203"
25,"50.9%","81.4%","61.4%","27.6%","67.8%","29.9%","72.5%","81.1%","67.3%","20.8%","87.1%","28.7%","991","1,673","1,124","526","554","724","1,478","1,950","1,474","451","1,865","614"
26,"48.7%","81.6%","49.3%","5.9%","72.5%","10.1%","65.7%","74.2%","56.2%","11.8%","85%","19.2%","892","1,551","932","115","880","226","1,233","1,755","1,042","215","1,529","345"
27,"38.2%","77.4%","48.5%","11.8%","68.4%","14.7%","58.1%","73.6%","41.7%","11.3%","76.2%","20%","426","994","540","139","990","202","638","1,216","595","158","1,099","289"
28,"58.2%","88.1%","65.7%","38.2%","62.6%","39%","74.9%","86%","68.8%","32.3%","89.2%","38.8%","382","656","474","287","395","359","649","831","643","309","819","356"
29,"53.1%","81%","59.8%","27.9%","74.6%","30.5%","75%","79.6%","65.4%","23.4%","87.6%","34.5%","478","761","492","236","542","334","662","832","612","217","761","300"
30,"29.3%","77.8%","42.1%","7.2%","68.9%","6.4%","43.8%","56.1%","33.6%","5.3%","58.6%","13.6%","134","562","350","65","565","92","435","998","395","56","737","171"
31,"61.8%","86.1%","67.2%","36.3%","72.8%","44.4%","80.3%","86.9%","74%","39.9%","89.6%","44.2%","751","1,087","777","439","1,608","643","1,015","1,270","999","538","1,180","582"
32,"38.9%","75.3%","60.1%","18.5%","75.2%","20.6%","71.1%","79.5%","57.3%","18.5%","88.5%","29.6%","88","180","113","37","1,691","56","150","229","141","46","200","67"
33,"31.8%","80.4%","42.1%","9.4%","69.1%","10.6%","50%","58.4%","31.2%","8.8%","66.4%","13.7%","109","340","120","29","1,195","45","159","281","117","33","300","62"
34,"35.5%","72.6%","45.6%","12.7%","75.9%","15.5%","57.2%","68.7%","39.9%","10.8%","73.1%","17.4%","317","785","418","121","816","249","768","1,348","681","177","1,474","351"
35,"38.2%","71.7%","48.1%","3.8%","65.4%","7.6%","63.7%","75.1%","58.5%","9.7%","82.9%","19.1%","338","799","544","47","792","143","1,019","1,612","1,214","201","2,057","475"
36,"48.1%","78.4%","53.7%","23.2%","65.2%","28%","70.5%","77.3%","60.9%","26.2%","86.9%","35.4%","771","1,301","906","407","346","612","1,286","1,716","1,197","502","1,558","634"
37,"32.1%","74.5%","39.1%","14.1%","62.2%","17.1%","57.3%","66.8%","51%","16.8%","78.2%","27.4%","327","864","438","162","445","257","651","1,222","717","222","1,116","391"
38,"48.9%","81.1%","56.6%","22.4%","60.7%","26%","67.9%","79.3%","62.3%","19.4%","83.7%","29.9%","686","1,241","772","320","347","471","1,053","1,464","1,048","252","1,581","565"
39,"48.6%","81.1%","48.1%","16.8%","78.5%","19.8%","63.6%","70.3%","47.5%","15.3%","80.4%","24.9%","625","1,224","731","263","1,038","362","948","1,384","761","244","1,301","403"
40,"39.4%","75.6%","41.3%","10.6%","54%","13.3%","54.6%","59.1%","37.2%","12.8%","75.9%","20.3%","428","1,078","579","156","258","251","743","1,195","524","166","1,012","271"
41,"40.8%","76.8%","48.5%","19.2%","60.3%","19.8%","64.6%","72%","55.6%","15.8%","83.5%","24.3%","356","696","371","155","598","235","583","845","533","144","771","224"
42,"54.5%","84.7%","60.6%","29.3%","76%","31.6%","75.9%","78.9%","64.5%","29.1%","87.6%","37.6%","845","1,393","923","464","681","604","1,198","1,574","1,136","501","1,493","641"
43,"61.4%","82.7%","64.5%","32.8%","80.6%","38.5%","75.7%","81.7%","65.6%","34.1%","87.9%","38.2%","532","781","556","292","1,245","434","736","959","691","352","895","389"
44,"53%","82.4%","56.2%","28.1%","78.6%","26.9%","67.6%","74.9%","58.2%","28.5%","83.6%","36.2%","233","407","259","146","852","174","370","531","346","162","465","201"
45,"42.8%","80.9%","50.7%","12.7%","72.8%","17.2%","61%","74.2%","49.4%","13%","82.3%","21.7%","555","1,320","792","219","1,320","570","1,849","3,149","1,853","344","2,918","768"
46,"37.5%","74.5%","39.4%","11.9%","78.5%","13.2%","54.2%","60.5%","41.6%","12.7%","74.1%","21.4%","388","910","455","143","820","208","633","952","469","105","847","245"
47,"54%","87.5%","60.9%","20.3%","76.9%","23.3%","67.2%","71.1%","61.9%","23.9%","82.8%","32.3%","228","512","322","120","1,895","164","400","584","420","147","510","199"
48,"40.5%","70.3%","44.8%","5.2%","56.1%","8.5%","54.5%","69.5%","38%","5.7%","73.5%","15.1%","327","667","354","42","250","95","446","773","361","47","917","189"
49,"42.5%","78%","51.8%","9.4%","79.4%","14.7%","59.1%","71.3%","46.1%","11.5%","77.2%","19%","525","1,058","621","118","2,445","261","836","1,310","702","124","1,171","288"
50,"36.1%","70.3%","46.3%","13.1%","73.1%","14.1%","54.5%","60%","37.5%","11.9%","70.8%","15.9%","332","728","392","114","1,190","172","458","733","350","103","646","145"
51,"42.3%","79.3%","44.8%","18.1%","72.9%","19.9%","62.8%","70.1%","55.3%","17.7%","82.5%","27.2%","351","838","454","200","1,708","307","778","1,267","758","231","1,133","373"
52,"26.9%","74.7%","31%","6.4%","84.2%","9.5%","48%","54.8%","33.3%","7.1%","68%","15%","130","476","136","30","728","83","297","491","217","43","408","90"
53,"36.6%","69.7%","47.3%","17.2%","73.6%","12.7%","49.2%","56.8%","37.1%","15.6%","67.3%","19.5%","458","999","522","198","523","226","630","925","446","181","858","249"
54,"29.7%","64.9%","34.8%","10.9%","67.4%","10.2%","47.6%","59.1%","32.2%","8.5%","69.4%","13.3%","157","396","153","51","616","75","231","412","174","45","365","70"
55,"56.1%","82.7%","60.8%","29.9%","68.2%","33.2%","72.5%","80.2%","69%","30.4%","89.7%","37.9%","682","1,103","734","377","784","533","980","1,271","1,006","443","1,269","536"
56,"45.9%","81.5%","53.5%","21.1%","--","21.3%","65.2%","73.1%","56.6%","18.8%","83.8%","24.2%","202","374","223","92","0","124","300","451","295","93","398","115"
57,"25.7%","72.9%","41.1%","13%","76.6%","12.1%","49%","60%","32.9%","11.3%","68.5%","15.9%","113","347","180","61","1,441","84","253","482","220","70","408","95"
58,"39.8%","74.5%","46.1%","18.2%","59.3%","23%","60.5%","64.3%","37.5%","13.8%","68.4%","18.8%","229","462","239","99","801","120","251","470","237","84","429","118"
59,"38.1%","77.2%","49%","15.8%","66.4%","13.1%","49.7%","60.3%","37.8%","12.4%","68.2%","17.2%","431","866","483","162","1,292","200","587","958","449","136","788","199"
60,"14.6%","58.2%","18.1%","1.3%","80.5%","2.2%","37.6%","46.9%","17.3%","2.4%","60.2%","4%","113","700","249","19","400","48","522","1,041","225","30","895","60"
61,"34%","65.6%","31.8%","11.5%","61.4%","11.8%","50%","55.5%","39.6%","12.3%","76.4%","16.2%","199","436","224","74","733","103","296","498","237","54","491","104"
62,"7.6%","76.2%","13.5%","0.7%","53.1%","1%","32.5%","35.5%","33.2%","1.1%","64%","3.1%","34","1,030","271","14","582","29","645","609","442","14","1,319","63"
64,"28%","67.5%","33.9%","7.2%","84.7%","8.7%","49.8%","60.6%","31.8%","6.8%","67%","10.7%","421","1,234","542","124","1,361","252","966","1,749","651","122","1,331","213"
65,"25.8%","71.8%","30.7%","3.9%","80.9%","8.5%","48.2%","59.5%","33.3%","4.9%","65.5%","10.2%","126","486","184","26","1,068","76","312","680","288","27","601","94"
66,"30.8%","73%","36.8%","9%","76.5%","12.2%","52%","57.6%","37.1%","10.6%","69.5%","16.1%","248","642","287","77","902","150","474","822","362","74","726","168"
67,"36.2%","80.5%","39.1%","5.1%","75.9%","8.3%","57.3%","62.8%","27.6%","7.9%","65%","10.7%","51","177","102","15","1,063","38","207","350","129","26","317","52"
68,"34.7%","69%","46.1%","13.4%","76.5%","14.7%","57.6%","61.9%","40.5%","14.6%","77.8%","22%","500","1,030","546","170","5,386","304","831","1,237","656","209","962","272"
69,"57.8%","85.6%","67.4%","42%","85.8%","38%","72.9%","82.9%","63.6%","24.3%","80.4%","33.7%","418","656","468","324","695","377","690","990","747","284","982","412"
70,"48.2%","77.5%","55.6%","25%","51%","21.3%","51.3%","65.5%","46.6%","20.1%","75.6%","28.5%","506","912","555","252","247","301","592","761","409","168","599","226"
71,"31.9%","74.5%","39.5%","8.3%","55.3%","11.2%","48%","52.3%","30.7%","10.1%","66.3%","16.8%","228","743","325","74","710","146","398","678","275","81","506","128"
72,"43.3%","78.3%","50.1%","11%","84.5%","13.7%","57.1%","67.2%","42.8%","11.2%","72.6%","16.3%","335","806","490","115","820","250","853","1,630","814","153","1,554","348"
73,"44.6%","75.1%","46%","10.8%","78.6%","14.7%","61.4%","69.2%","50.5%","11%","79.1%","16.3%","659","1,233","749","186","989","309","1,065","1,712","1,118","179","1,912","393"
74,"43.1%","81.8%","54.8%","19.3%","75.9%","23%","69.4%","77.7%","60%","25.8%","86.4%","35.4%","305","616","356","130","325","215","534","768","491","205","656","269"
75,"45.4%","83.7%","54.1%","15.6%","69.9%","19.4%","63.4%","75.5%","53.9%","12.7%","81.2%","20.1%","411","874","517","157","1,510","268","755","1,319","850","199","1,238","306"
76,"46.7%","77.4%","52.6%","10%","88%","15.2%","62.3%","70%","51.6%","12.4%","81.4%","20.1%","531","1,116","784","163","1,649","366","1,197","1,857","1,237","225","2,063","510"
77,"37.8%","75.6%","43.6%","6.7%","62%","11.2%","56.3%","62%","41.2%","9.2%","75.6%","18%","652","1,754","895","157","776","410","1,526","2,508","1,245","207","2,593","618"
78,"43.9%","77.4%","51%","14.4%","71.7%","17.7%","61.1%","68%","45.9%","13.8%","80.6%","21.7%","394","830","478","147","1,267","274","749","1,189","675","186","1,048","282"
79,"15.2%","58.8%","22.9%","4.1%","70.8%","2.8%","34.3%","44.8%","24.1%","7.5%","57.1%","5.2%","33","174","46","9","1,502","10","61","141","46","13","88","8"
80,"39.2%","79.5%","35.8%","7%","82.8%","9.1%","49.6%","60.8%","37.1%","7%","66.1%","12%","241","694","272","58","1,294","110","453","831","368","50","751","136"
81,"51.2%","81.9%","55.6%","17.3%","70.7%","24.5%","70.9%","72.4%","55.6%","19.6%","85.1%","30.5%","320","552","349","116","1,859","226","510","683","475","153","670","240"
82,"43.2%","75.9%","48.2%","12.4%","65.8%","16.7%","61.4%","64.9%","43.5%","12.8%","78.8%","20.5%","385","858","493","148","1,458","306","855","1,280","677","147","1,231","321"
83,"46.4%","71.9%","49.8%","6.3%","78.3%","6.2%","40.6%","63.5%","44.9%","9.2%","78.8%","16.6%","234","405","231","31","1,851","23","101","475","274","51","445","94"
84,"39.9%","69.8%","47.1%","6%","84.5%","7.1%","63.7%","75.7%","52.5%","9%","74.5%","14.5%","137","236","106","14","2,319","12","79","290","262","44","401","78"
85,"36.1%","73.5%","38.6%","11.9%","81.7%","12%","35.3%","54.4%","32.2%","10.7%","63.5%","17.5%","386","891","418","132","1,670","193","451","791","346","102","612","169"
86,"25.5%","72.9%","34.4%","6.6%","63.5%","7.9%","50.6%","53%","33.7%","6.2%","68.1%","14.8%","109","467","223","48","784","95","405","661","259","42","491","107"
87,"41%","72%","54.2%","23.6%","71.4%","19.8%","63.2%","70.7%","55.7%","22.2%","80.5%","30.3%","276","500","315","141","563","175","412","679","432","168","946","356"
88,"33%","71.7%","44.1%","11.3%","64.5%","11.3%","51.5%","62.6%","33.9%","9.5%","70.9%","14.8%","217","549","282","75","517","105","333","580","263","74","631","132"
89,"43.8%","74%","52.4%","16.6%","82.7%","18.5%","58.9%","70.6%","45.7%","12.4%","79.1%","23.6%","357","625","370","123","416","172","428","677","359","94","587","175"
90,"39.3%","69.4%","47.9%","21%","82%","20.8%","61.3%","63.6%","48.5%","19.5%","75.9%","28.4%","245","507","285","134","1,730","217","445","640","367","140","551","206"
91,"45.2%","74.8%","51.9%","17.2%","75.4%","16%","58.5%","68.4%","44.2%","12.2%","77.9%","19.3%","474","922","527","186","1,618","241","658","1,024","527","137","836","207"
92,"35.2%","79.7%","40.4%","7.2%","74.6%","10.1%","57.4%","61.6%","46.7%","9.9%","75.4%","19.4%","202","696","352","74","921","178","736","1,244","702","108","1,181","304"
93,"23.8%","64.1%","26.8%","3.2%","87.4%","4.2%","42.1%","49%","29%","5.9%","58.1%","8.1%","96","341","116","16","724","33","193","355","136","24","216","30"
94,"41.8%","74.2%","54.1%","18.8%","82.9%","18.1%","49.8%","59.7%","42.4%","21.2%","75.3%","21%","304","598","348","124","783","150","328","438","248","119","494","138"
95,"33.6%","67%","48.2%","14.7%","61.3%","12.6%","57.9%","65.3%","43.3%","11.7%","75.9%","17.1%","270","567","309","102","837","132","416","667","346","66","565","127"
96,"36.3%","75%","47%","10.1%","87.2%","13.2%","57.7%","65.1%","40.4%","10.4%","74.1%","19.4%","528","1,298","737","178","1,137","364","1,211","2,096","1,013","240","1,715","449"
97,"44.7%","78.2%","50.5%","14.6%","78.1%","17.5%","63%","69.8%","46.6%","14.5%","83%","24.1%","848","1,581","878","271","182","469","1,299","2,042","1,117","290","1,758","510"
98,"43.3%","79.5%","44%","11.3%","65.2%","16.7%","61.4%","68.9%","41.6%","11.8%","78.5%","22.7%","471","1,071","613","164","236","335","1,039","1,636","949","218","1,765","510"
99,"46.4%","75.5%","57.1%","29%","68.8%","28.8%","69.9%","77.2%","60.6%","24%","85.7%","32.7%","474","821","512","275","779","371","713","1,015","692","266","975","372"
100,"47.5%","78.2%","47.7%","17.9%","75.5%","21.2%","60.9%","62.1%","50.4%","22.4%","72.3%","28.4%","473","888","526","202","1,177","265","571","820","476","202","682","268"
101,"25.5%","73.8%","38.5%","12.1%","75.5%","14%","46.3%","54.5%","33.9%","14.4%","71.1%","19.9%","93","332","155","52","1,516","95","224","352","147","57","254","71"
102,"39.3%","75%","45%","13.5%","62.1%","13.6%","55.2%","57.1%","36.5%","14.1%","70.7%","20.7%","206","451","263","84","831","105","313","448","197","71","345","101"
103,"32.1%","76.3%","40.9%","8%","82.6%","10.6%","47.5%","56%","28.8%","6.6%","58.4%","10.4%","123","374","180","37","1,317","86","320","534","200","44","399","71"
105,"45%","82.7%","48.5%","15.3%","72.2%","15.7%","60.2%","74.1%","57.5%","19.1%","88.6%","27.3%","214","546","376","141","1,248","229","777","1,227","772","246","1,154","356"
106,"22.5%","61.9%","29.6%","6%","60.3%","6.5%","41.9%","42.5%","25.3%","5.7%","59%","9.4%","66","229","97","21","1,030","35","147","250","92","16","170","27"
107,"30.3%","77.7%","40.8%","8.7%","76.7%","7.7%","49%","55.4%","34.5%","9.4%","67%","14.3%","227","650","312","73","767","99","445","757","325","80","549","117"
108,"45.1%","76.5%","52.3%","12.1%","83.2%","17.4%","65.9%","72.5%","51.6%","16.3%","81%","25.5%","369","663","394","94","1,442","183","542","739","470","140","743","234"
109,"50.6%","83.5%","61.6%","20%","84.6%","17.9%","66.6%","79.8%","58.8%","15.9%","84.5%","25.8%","635","1,126","792","272","848","118","377","1,610","1,099","218","1,511","461"
110,"50.4%","80%","60%","14.6%","80.9%","18.4%","68.7%","77.3%","55%","14.1%","82%","21.6%","483","842","532","138","462","199","614","1,102","722","178","1,110","292"
111,"40.8%","77.3%","47.2%","12.4%","77.6%","15.8%","58.3%","71%","41.2%","11%","78.7%","18.8%","389","944","600","170","1,836","364","1,208","2,209","1,183","215","2,049","490"
112,"47.8%","82.3%","56.3%","6.1%","66.4%","13.4%","64.3%","73.3%","51.9%","13.8%","81.6%","18%","325","637","405","47","968","159","633","912","554","109","982","216"
113,"40.4%","79.8%","51.4%","12.8%","77.4%","17.6%","60.6%","73.3%","44.4%","12.1%","80.3%","20.8%","723","1,644","977","255","497","535","1,516","2,441","1,272","261","2,360","610"
114,"25.7%","69.8%","32.9%","7.3%","69.3%","8.3%","39.5%","53%","25.4%","5.4%","56.6%","7.8%","58","226","97","23","653","43","138","291","107","22","312","43"
115,"46.6%","84.6%","52.7%","17.8%","76.6%","22.9%","65.6%","77.4%","58.4%","15.5%","82.5%","23.7%","924","2,111","1,280","475","1,180","815","2,005","2,959","1,966","518","2,716","779"
116,"34.5%","73.2%","48.8%","12.6%","64.7%","25%","57.6%","70%","51.8%","21.4%","77.5%","26.7%","338","938","524","151","635","508","1,025","2,073","1,374","517","2,471","853"
117,"38.9%","78.8%","48%","10.2%","73.2%","13.8%","56.4%","68.6%","39.7%","10.4%","74.2%","18.6%","620","1,516","854","193","994","424","1,379","2,253","1,071","275","2,188","547"
118,"52.9%","82.8%","64%","22.3%","59.8%","28.1%","76.7%","84.4%","68.6%","24%","88%","32.9%","426","679","476","175","383","270","637","818","624","207","816","305"
119,"45.1%","71.9%","54.4%","17.5%","65%","19.1%","59.6%","73.3%","40.1%","12.4%","78.7%","21.6%","290","510","314","107","904","167","401","809","379","113","702","193"
120,"39.4%","76.4%","44.2%","10.4%","65.1%","13.7%","49.4%","61.9%","36.9%","13.2%","70.1%","17.3%","282","664","343","84","370","149","394","661","302","100","625","154"
121,"35.3%","74.1%","46.2%","12.9%","83.5%","13.8%","51.6%","60.5%","40%","14.8%","74.7%","22.8%","346","834","416","124","1,170","192","512","818","474","162","824","251"
122,"--","--","--","--","--","--","--","--","0%","0%","57.1%","14.3%","0","0","0","0","0","0","0","0","0","0","4","1"
123,"54.1%","83.5%","63.5%","33.3%","61.8%","31.5%","67%","71.2%","52.5%","25.9%","77.1%","30.3%","973","1,555","1,065","569","336","666","1,123","1,432","865","408","1,252","492"
124,"41.1%","77.7%","41.9%","11.7%","70.3%","13.8%","49.1%","57.2%","39%","12.7%","63.2%","16.7%","373","891","482","137","452","198","507","894","485","147","899","238"
125,"40.9%","79.8%","40.8%","10.4%","67.6%","14.7%","54.6%","63.4%","43.7%","12.5%","76.8%","21.2%","558","1,274","662","178","885","308","880","1,438","834","166","1,489","411"
126,"55%","85.5%","49.2%","14.9%","53%","18.9%","63.7%","76.4%","51.8%","14.5%","80.4%","24%","44","153","126","43","1,106","128","395","653","385","107","652","195"
127,"37.3%","78%","44.8%","13.5%","57.3%","12.6%","47.1%","54.4%","31.5%","12.3%","66.5%","19.1%","349","817","405","129","402","162","413","724","300","110","656","189"
128,"30.9%","65.5%","34%","8%","61.6%","10.7%","48.4%","53.4%","34.3%","10.3%","69.9%","16.6%","235","685","319","78","1,789","101","312","690","305","87","552","131"
129,"55.4%","86.2%","66.6%","27.5%","66.5%","33.8%","76.5%","83.6%","71.4%","34%","90.2%","42.2%","865","1,381","967","410","1,534","595","1,170","1,518","1,185","563","1,464","685"
130,"48.9%","74.5%","58.1%","5.6%","61.9%","13.6%","68.4%","78.9%","63%","11.6%","86.7%","21.6%","576","937","600","61","485","231","967","1,522","1,153","156","1,558","389"
131,"34.2%","72.4%","50.1%","13%","62.4%","16.5%","60.3%","74.3%","47%","13.4%","82.1%","22.2%","362","826","473","128","660","239","663","1,083","591","164","992","269"
132,"40.2%","75.1%","49.8%","22.3%","69.2%","28.3%","72.7%","74.1%","69.9%","28.7%","88.5%","36.4%","135","274","158","71","263","117","240","364","293","113","355","146"
133,"43.6%","81%","58.9%","27.1%","82.5%","27.7%","72.9%","79%","68.8%","28.4%","86.6%","37.4%","299","574","361","174","599","236","503","692","510","205","688","297"
134,"39.1%","74.5%","48.6%","13.9%","71.4%","13.2%","56.7%","62.3%","37.5%","13%","71.3%","18.7%","163","363","205","64","416","94","291","420","196","61","335","88"
135,"28.6%","76.8%","38.8%","8.2%","59.3%","7.1%","44%","45.8%","28.4%","7.9%","55.3%","10.9%","132","378","176","39","352","51","216","292","118","30","214","42"
136,"48.1%","83%","55.8%","14%","77.6%","18.5%","62.5%","77%","55.7%","12.7%","85.8%","22.7%","512","998","611","165","1,101","311","852","1,324","872","145","1,399","371"
137,"38.5%","76.3%","45.9%","10.2%","70.9%","13.1%","53.5%","66.4%","34.5%","9.1%","71.7%","16.9%","252","602","320","77","654","141","440","747","318","81","637","150"
138,"32.8%","70.4%","45.5%","15.4%","66.8%","14%","54.6%","60.1%","38.9%","11.4%","58.2%","16.4%","96","245","133","47","249","65","172","271","138","37","209","59"
139,"41.4%","81.4%","50.3%","14.3%","69%","16.2%","57.7%","64.5%","44.4%","15.6%","75.5%","20.9%","344","742","406","120","674","184","504","741","391","117","636","176"
140,"48.7%","78.1%","55.3%","20.5%","74.5%","22.1%","61.7%","72.4%","47.6%","17.1%","79.5%","23%","652","1,169","712","274","1,197","396","859","1,468","859","303","1,402","406"
141,"29.7%","67.7%","41.6%","12.5%","68.6%","10.1%","45.9%","56.7%","33.3%","10.6%","63%","11.3%","104","268","132","40","290","52","166","267","131","41","235","42"
142,"38.2%","77.2%","39.8%","12.6%","61.5%","16%","56.8%","57.7%","41.7%","17.9%","74.7%","22.7%","452","1,062","529","182","1,013","284","743","1,135","564","213","830","252"
143,"61.5%","85.9%","65.3%","39.6%","86.2%","39.7%","76.2%","87%","70.2%","34.4%","89.8%","40.3%","620","923","632","389","925","484","803","1,113","848","405","1,059","475"
144,"29.8%","78.4%","41.9%","6.8%","64.6%","8.9%","44%","59.7%","36.6%","8.1%","71.8%","13.4%","243","695","327","60","752","123","467","865","397","70","689","129"
145,"33.1%","70.4%","50.6%","9.3%","72.6%","9.8%","53.2%","68.4%","41.7%","8.7%","74.8%","14.4%","279","622","344","67","623","108","430","718","369","60","638","123"
146,"44.8%","75.1%","56.3%","21%","76.2%","21.6%","63%","72.7%","48.5%","11.4%","77.2%","18.7%","416","774","492","196","842","290","660","976","547","126","838","203"
147,"37.6%","70.9%","47.9%","14%","72.1%","15.2%","53.8%","63.7%","41.1%","13.6%","74.8%","20.2%","442","914","497","155","971","252","657","1,032","520","159","868","234"
148,"53.1%","81.8%","60.4%","25.7%","80.7%","28.6%","72.2%","80.4%","70.3%","23.1%","89.3%","31.9%","775","1,339","885","392","1,349","561","1,178","1,584","1,229","398","1,525","544"
149,"46.8%","83.6%","55.1%","21.2%","80.5%","22.5%","69.8%","76.7%","59%","15.4%","83.8%","25.4%","184","403","268","108","488","160","420","588","394","74","529","160"
150,"42.4%","76.7%","44.8%","12.1%","66%","16.3%","59.1%","66.6%","45.2%","12.5%","76.2%","22.6%","382","761","426","121","769","200","542","902","480","94","836","248"
151,"42.8%","84%","51.4%","18.7%","79.6%","20.4%","63.7%","75.8%","53.8%","14.8%","82.8%","24.3%","661","1,509","848","338","1,717","508","1,347","2,032","1,265","343","1,799","528"
152,"39.7%","72.1%","40.8%","12.1%","65.3%","17.4%","60.8%","68.3%","47.9%","14%","79.2%","23.7%","162","326","184","57","338","101","270","446","245","55","410","123"
153,"44.3%","82%","48.4%","17.2%","73.2%","23.9%","65.1%","73.6%","52.7%","18.6%","81%","28.3%","837","1,772","1,066","395","1,820","654","1,489","2,199","1,443","384","2,202","770"
154,"44.3%","78.5%","54.7%","18.6%","77.3%","24.6%","65.5%","75.7%","55.2%","17.8%","83.9%","29.8%","667","1,327","756","269","1,269","471","991","1,486","961","232","1,397","496"
155,"36.1%","72.5%","39.8%","9.4%","68.2%","13.7%","54%","64.5%","43.8%","10.5%","71.6%","17.4%","471","1,025","584","146","1,361","298","941","1,645","847","153","1,819","443"
156,"40.1%","77.4%","53.7%","11.1%","72.7%","15%","59.3%","70.6%","42.1%","9.6%","78.3%","17.9%","604","1,384","873","191","1,546","392","1,192","2,005","1,040","178","1,990","455"
157,"28.2%","64.2%","26.6%","5%","40.9%","5.9%","33.5%","38.6%","22.7%","5.7%","49.4%","12.4%","166","506","162","32","357","66","242","462","206","54","511","128"
158,"40.8%","79.4%","48.7%","13.3%","70.9%","14.7%","56.8%","64.9%","41.2%","14.5%","76.5%","18.6%","766","1,732","939","263","1,638","394","1,134","1,713","844","242","1,511","368"
159,"34.7%","73.7%","40%","8.4%","62.2%","10.3%","47.1%","61.3%","36.2%","13.6%","67.2%","15.2%","148","395","189","41","394","77","242","437","203","75","487","110"
160,"41.7%","75.8%","52.4%","17.5%","69.3%","17.8%","59.4%","65.9%","44.4%","19%","78.3%","25.3%","675","1,369","801","272","1,237","379","919","1,328","696","280","1,175","379"
161,"35.9%","80.3%","41.5%","10.4%","65.8%","14.4%","55.4%","57.8%","39.7%","12.2%","73.3%","20.5%","316","840","387","110","886","192","580","1,041","485","119","496","139"
162,"46.1%","81.3%","51.9%","17.5%","70.5%","19%","63.1%","68.4%","45.9%","14.8%","75.3%","21.8%","434","786","474","167","754","224","550","803","444","137","736","213"
163,"44.1%","79.1%","54.8%","25.7%","80.4%","28.2%","66.3%","74.7%","58.8%","21.7%","85%","36.2%","264","458","338","168","724","277","556","916","599","207","709","302"
164,"32.2%","67.3%","42.6%","14.9%","60.6%","14.1%","51%","59.3%","40.6%","15.6%","69.9%","22.6%","342","807","419","158","785","224","538","966","493","180","774","250"
165,"27.2%","74%","33.9%","6.6%","59.4%","8.1%","44.1%","52.9%","26.6%","7.2%","60.8%","11.1%","182","544","260","52","535","89","309","584","205","54","466","85"
166,"37.1%","77%","42.3%","11.5%","67.8%","12%","51.1%","64.8%","37.4%","13%","70.2%","16.2%","199","473","227","66","458","90","283","546","247","79","456","105"
167,"36.2%","77.3%","43.8%","13.6%","60.4%","11.4%","44.5%","55%","31.9%","8.9%","68.5%","13.2%","104","265","135","44","230","54","159","255","117","31","250","48"
168,"44.8%","75.1%","53.2%","19.8%","70.4%","19.2%","58.8%","69%","40.8%","16.7%","72.8%","25.1%","377","659","388","148","584","194","434","692","360","132","589","203"
169,"38.9%","82%","49.9%","13.1%","76.2%","16%","59.3%","68.3%","51.3%","12.8%","81.2%","18.6%","361","869","484","140","1,114","269","813","1,216","728","183","1,126","258"
170,"45.1%","83.7%","56.2%","17.8%","80.7%","22.9%","65.8%","79.5%","60.8%","15.2%","84.9%","24.4%","442","880","544","183","893","292","717","1,034","741","187","994","286"
171,"44.4%","77%","54.3%","20.5%","77.2%","20.4%","63.3%","69.2%","57.5%","14.7%","80%","21.1%","224","396","241","105","542","165","403","573","375","67","493","130"
172,"37.6%","83.7%","45.8%","11.5%","78.1%","16.5%","60.9%","78.7%","51.4%","12%","78.1%","17.2%","396","1,091","556","153","1,157","294","930","2,003","1,292","295","1,934","427"
173,"43%","76.7%","50.2%","15%","69.4%","15.9%","56.1%","65.2%","39%","12.9%","72.3%","22.8%","162","412","241","76","431","115","309","493","231","78","495","156"
174,"44.5%","70.2%","49.2%","12.6%","77.2%","15.2%","60%","71%","42.6%","9.4%","74.5%","15.9%","367","644","342","92","671","170","512","756","455","81","1,089","233"
175,"56.8%","82.3%","66.2%","33.6%","85.1%","34.8%","77.6%","83.3%","71.5%","28%","90.9%","37%","735","1,110","804","422","1,147","557","1,053","1,286","993","383","1,279","521"
176,"47.1%","82.3%","56.1%","21.3%","82.3%","25.7%","70.5%","79.6%","61.6%","21.4%","87.1%","27.4%","900","1,590","985","395","1,656","599","1,381","1,888","1,299","328","1,777","560"
177,"56.3%","81.5%","64.6%","35.4%","82.4%","35%","75.5%","81.4%","70.3%","32.8%","89.6%","41.6%","813","1,201","850","488","1,249","585","1,023","1,354","1,021","497","1,286","597"
178,"31.5%","69.1%","41.8%","8.3%","71.5%","12.7%","53.6%","67.9%","44.3%","9.5%","72.1%","15.4%","160","436","207","52","612","166","611","1,258","807","178","1,671","358"
179,"63.5%","86.2%","70%","39.3%","86.9%","42%","78.6%","84.1%","73.4%","37%","89.2%","43.4%","743","1,075","778","451","1,084","579","955","1,257","1,006","510","1,233","600"
180,"38.2%","71.6%","49.9%","15.9%","71.8%","14.3%","52.5%","68.3%","40.1%","12.4%","76.3%","18.9%","214","443","252","89","499","123","353","590","317","87","521","129"
181,"54.9%","82.4%","60.6%","26%","80.5%","27.5%","72.7%","78.2%","67.3%","22.6%","87.5%","33.1%","923","1,526","1,032","468","1,676","662","1,442","1,899","1,433","448","1,786","676"
182,"40.3%","72.9%","51.3%","18.8%","67.7%","18.9%","61.2%","66.6%","48.3%","21.6%","77.1%","26.2%","217","447","269","98","394","128","290","412","240","99","341","116"
183,"41.7%","76.3%","53.3%","17.9%","67.9%","17.4%","55.9%","61.8%","36.5%","17%","65.2%","20.9%","144","287","168","60","284","84","198","298","128","57","215","69"
184,"42%","87.9%","58.7%","26.1%","83.6%","32.7%","74.9%","81.1%","72.5%","26.4%","90.2%","39%","385","843","508","238","915","382","762","996","832","288","1,013","438"
185,"22.9%","77.8%","32.6%","4.8%","53.2%","5.2%","44.5%","46.3%","23.3%","5.7%","58%","7.7%","157","540","205","33","465","57","347","573","152","32","317","42"
186,"39.9%","76.4%","46.5%","13.1%","68.5%","17.5%","61.2%","68.4%","47.8%","16.4%","77.7%","24.7%","455","919","545","160","927","244","678","1,040","588","200","925","294"
187,"45.6%","78.6%","54.5%","19.7%","76.9%","19.4%","65.4%","72.4%","59.3%","14.7%","85.6%","26.9%","293","518","316","122","544","159","406","603","405","100","576","181"
188,"37.5%","78.3%","46%","13.6%","74.5%","15.6%","63.3%","70.6%","55.4%","11.4%","75%","19.8%","310","712","367","121","790","205","661","1,003","661","131","937","247"
189,"32.3%","79.9%","42.6%","10%","61.4%","11.6%","51.1%","58.1%","38.9%","7.5%","77.2%","15.2%","110","275","142","41","299","66","216","342","181","31","275","54"
190,"33.9%","72.2%","44%","6.7%","64.7%","8.3%","49.9%","56.7%","35.2%","9.9%","72.9%","15.8%","149","374","185","30","357","52","203","373","176","45","342","74"
191,"40.1%","76.6%","52.5%","16%","75.2%","17.9%","62.6%","74%","52.6%","16.8%","83.5%","24.4%","542","1,106","652","213","1,126","312","825","1,342","774","181","1,171","343"
192,"41%","75.7%","52.3%","13.6%","77.2%","17.3%","65.8%","73.5%","49.5%","14.6%","80.3%","23.6%","385","899","595","171","1,327","230","672","1,607","1,001","298","1,750","515"
193,"56.4%","87.2%","60.2%","35.8%","84.6%","38.6%","71.8%","84.2%","66.4%","30.3%","87.8%","39.2%","457","739","474","299","761","387","670","931","770","341","1,142","509"
194,"52%","83.9%","60.1%","23.3%","80.5%","26.7%","71.3%","81.9%","66.9%","18.3%","87.4%","28.5%","905","1,523","1,012","415","1,546","518","1,190","2,086","1,573","415","2,014","658"
195,"45.4%","81.2%","50.5%","13.5%","76.9%","15.9%","57.5%","72.9%","44.1%","11.1%","74.4%","17.3%","444","965","538","158","1,238","297","906","1,737","935","228","1,837","428"
196,"41.5%","78.2%","49.6%","11.8%","72.2%","15.8%","57.1%","66.1%","40.8%","12.5%","78.7%","21.4%","383","826","482","119","886","229","646","1,079","531","138","1,043","283"
197,"42.8%","75.7%","49.7%","17.9%","68.5%","16.7%","59.1%","64.8%","42.7%","15.4%","73.8%","19.8%","408","817","464","175","806","228","585","896","472","163","759","204"
198,"52.3%","79.2%","60.8%","28.7%","80.5%","23.9%","64.9%","76.3%","61.4%","27.4%","84.4%","32.9%","487","798","542","269","856","353","781","892","637","273","859","335"
199,"28.7%","78.6%","31.9%","6.8%","56.6%","8.6%","43%","48.1%","30.6%","7.9%","58.4%","9.2%","270","925","384","88","861","149","532","837","378","91","743","117"
200,"24.4%","60.3%","30.9%","5.9%","64%","7%","43.5%","61.6%","36.7%","6.1%","72.8%","16.1%","41","196","77","16","275","42","170","414","221","34","402","89"
201,"52.2%","85.7%","60.4%","26.6%","83.2%","30.1%","71.7%","81.8%","64.4%","22%","88%","33.8%","932","1,619","1,048","480","1,699","698","1,463","1,969","1,426","486","1,892","728"
202,"33.6%","73%","42.3%","14%","62.6%","12.5%","55%","59.1%","36.6%","13.5%","73.8%","20.4%","261","626","313","112","579","140","431","626","296","93","497","137"
203,"47.4%","75.9%","53.4%","14%","77.9%","19.7%","62.4%","73.6%","47.7%","14%","81.9%","24.8%","399","703","445","128","894","291","762","1,192","673","139","1,058","320"
204,"46.6%","86.2%","53.3%","17.7%","79.5%","21%","66.3%","77%","53.7%","12.3%","82.1%","24.3%","292","707","403","141","756","228","609","916","586","126","837","248"
205,"62.6%","83%","59.4%","32.6%","78.6%","36.5%","79.9%","84%","72.9%","25%","90.5%","35.5%","400","553","402","231","592","292","565","733","634","233","875","343"
206,"52.1%","87%","52.2%","20.3%","76.9%","26.6%","71%","74.3%","61.7%","18.9%","86.4%","27.3%","306","584","334","140","556","203","461","623","462","134","602","190"
207,"30%","84.3%","40.9%","6.3%","71.9%","8.2%","50.3%","62.2%","35.6%","7.9%","70.8%","14.6%","140","668","340","64","1,120","160","732","1,357","539","84","981","202"
208,"64.3%","88.2%","69.4%","42.8%","86.4%","44.7%","78%","87.5%","68.9%","27.7%","89.7%","39.5%","810","1,206","919","589","1,274","722","1,179","1,415","1,094","448","1,429","629"
209,"42.7%","80.4%","51.9%","12%","77.2%","15.2%","59.4%","73.2%","46.5%","13.7%","78.9%","20.8%","621","1,329","836","210","1,766","402","1,266","2,160","1,153","254","1,931","509"
210,"47.6%","81.2%","57.4%","23.2%","76%","19.7%","66.8%","73.9%","57.8%","22.4%","80.7%","29.2%","381","846","405","192","824","312","829","986","798","297","1,111","402"
211,"46.4%","79.2%","54.6%","15.5%","75.9%","18.9%","62.3%","71.3%","47.7%","14.7%","79.7%","24%","610","1,131","674","199","1,103","330","867","1,312","721","183","1,169","352"
212,"46.6%","71.1%","54.6%","22.2%","66.6%","19.2%","58.6%","60.5%","47.7%","21.5%","74.2%","23.6%","261","452","273","115","413","144","292","434","262","109","402","128"
213,"55.7%","82.9%","62%","31.2%","81.1%","40.7%","76.9%","83%","70.4%","35.5%","89.1%","43.1%","598","923","615","321","858","498","798","991","893","471","1,215","587"
215,"64.8%","86.6%","70.2%","44.8%","86.6%","48.3%","79.3%","86.8%","74.3%","40.2%","91%","50.1%","380","532","451","274","562","380","555","683","559","304","655","361"
216,"56.4%","82%","58.8%","30.1%","80.9%","38.3%","78.2%","76%","61.1%","31.2%","82.1%","33.7%","273","446","275","151","453","153","272","492","392","175","495","203"
217,"58.8%","86.4%","56.7%","33%","81.1%","37.2%","79.7%","84.1%","75%","38.8%","91.1%","45.9%","533","821","535","322","838","387","745","966","784","405","938","473"
218,"47.9%","80%","59.9%","22.3%","80.5%","23.5%","67.9%","75%","60.2%","21.9%","86.6%","31.4%","799","1,406","901","344","1,438","495","1,144","1,566","1,024","364","1,424","517"
219,"21.9%","57.7%","21.8%","4.3%","54.1%","5.9%","48.2%","51.6%","29.7%","7.5%","69%","12.4%","172","564","223","42","783","90","483","828","326","79","983","176"
220,"39.5%","69.6%","49.5%","12.6%","72.6%","12.7%","56.1%","71.1%","44%","10.2%","78.9%","16.7%","358","654","369","98","658","141","466","749","395","78","653","138"
221,"38.5%","75.1%","47.7%","12.4%","74.2%","13.8%","54.1%","64.4%","37.3%","13.4%","73.3%","18.5%","364","849","474","138","997","231","659","1,029","465","152","834","210"
222,"56.1%","84.5%","60.8%","28.8%","83%","36.7%","78.9%","81.9%","70.5%","25.6%","88.9%","33.7%","619","998","686","336","1,028","487","912","1,156","877","320","1,164","441"
223,"46.4%","73.4%","44.5%","16.2%","60.7%","17.9%","58.9%","59.2%","49.5%","21.7%","79.4%","30.1%","464","869","506","187","752","223","537","785","471","191","723","274"
224,"53.2%","83.8%","55.8%","21.2%","78.2%","22.9%","68.1%","72.9%","60.2%","20.2%","86.8%","36.4%","582","1,071","675","275","1,177","398","928","1,259","833","196","1,075","451"
225,"41.7%","76.9%","41.6%","4%","64.5%","7%","51.4%","64.3%","42.6%","7.2%","75.2%","12.7%","197","439","232","24","467","39","227","507","246","39","409","69"
226,"41.5%","76.9%","55.6%","18.6%","76.6%","18.8%","64.4%","83.3%","58.4%","19.3%","83.8%","31.5%","184","386","242","87","433","129","333","375","310","91","378","142"
227,"49.5%","81.6%","48.8%","14.3%","73.4%","20.5%","62.4%","70.6%","41.4%","12.2%","77.5%","21.7%","573","1,040","605","185","1,073","316","801","1,175","558","160","1,070","299"
228,"43.6%","79.2%","41.9%","3.2%","71.1%","9.7%","62.1%","84.1%","63.6%","19.7%","83.8%","33.9%","115","232","127","10","253","42","256","748","837","313","1,668","675"
229,"41.7%","80%","42.7%","11.3%","68.8%","11.5%","43.3%","69.4%","41.1%","10.4%","75.3%","17.4%","355","969","593","170","1,397","116","328","1,981","1,097","274","2,233","515"
230,"34.6%","79.4%","40.1%","8.9%","66.3%","9.4%","51.1%","62.3%","35.6%","8.1%","70.3%","13.2%","168","623","242","62","519","93","370","781","288","58","496","93"
231,"44.6%","78.3%","55.4%","16.2%","77.5%","21%","66.3%","73.7%","48.1%","14.5%","75.1%","22.8%","462","889","618","197","1,167","375","945","1,409","850","198","1,899","577"
232,"42.5%","79.5%","46.4%","10.8%","76.7%","15.5%","60.8%","74.8%","48%","12%","81.8%","22.3%","498","1,070","559","141","1,187","294","979","1,678","1,158","279","1,861","508"
233,"52.6%","83.4%","55.3%","23.7%","80.3%","22.7%","66.6%","74.7%","56.7%","20.4%","83.4%","26.4%","655","1,149","688","299","1,230","401","1,003","1,527","1,026","266","1,440","456"
234,"43%","71.8%","47.2%","19.3%","66.3%","25%","60.9%","65%","44.9%","15.1%","73%","19.7%","689","1,236","815","342","1,308","505","955","1,551","999","340","1,916","517"
235,"55.7%","84.1%","64.6%","33.3%","86.2%","35.7%","74.1%","84.4%","71.6%","26.5%","89.8%","39.1%","742","1,193","814","434","1,267","580","1,055","1,420","1,123","418","1,432","624"
236,"60.2%","87.9%","67.6%","34%","83%","38.2%","75.8%","82%","72.4%","35.2%","89.9%","44.9%","585","904","688","357","950","464","809","731","882","432","1,029","514"
237,"39.5%","73.8%","41.3%","12.9%","66.7%","15.9%","56.4%","65.4%","41.6%","12.4%","75.7%","20.7%","459","995","573","185","1,157","306","856","1,417","689","148","1,224","334"
238,"40.9%","73.6%","52.2%","17.7%","71.9%","20%","59.9%","68.7%","45.9%","16.4%","75.2%","23.3%","552","1,070","617","217","980","339","767","1,144","652","226","1,041","323"
240,"42.3%","76.7%","49.7%","19.4%","75%","22.2%","64.3%","74%","59.8%","18.7%","85.4%","29.9%","362","702","374","157","723","255","586","1,029","752","224","1,089","381"
241,"63.3%","86.3%","64.4%","34.5%","84.7%","43%","79.3%","85.6%","75%","36.4%","90.9%","47.4%","890","1,270","917","508","1,332","702","1,178","1,463","1,198","579","1,441","752"
242,"48.3%","79.2%","41.8%","9.4%","65.6%","16.5%","61.3%","69.7%","39%","11.4%","78.7%","20.9%","339","658","349","82","653","177","514","824","389","100","836","222"
243,"48.1%","70%","46.9%","16.4%","78.1%","14.5%","60.6%","84.4%","42.9%","8.8%","78.3%","18.7%","25","42","30","11","57","18","97","556","417","80","1,288","308"
244,"51.1%","81%","52.5%","20.7%","68.7%","24.6%","64.4%","67.2%","50.6%","22.7%","78.6%","26.2%","550","957","608","248","885","327","705","940","547","237","911","304"
245,"35.8%","79.6%","48.1%","16.4%","67.2%","16.1%","51.4%","60.8%","42%","12.7%","71.5%","22.5%","216","524","281","102","514","141","325","535","281","83","522","164"
246,"41.7%","79.6%","46.4%","15%","67.8%","15.8%","53%","59.4%","42.6%","13.2%","73.5%","20%","397","855","456","160","879","239","603","960","506","144","825","225"
247,"23.8%","75.9%","34.3%","4.4%","52.4%","5.3%","31.6%","47.7%","22.7%","5.5%","54.1%","6.3%","65","245","98","13","198","22","103","158","61","13","145","17"
248,"29.7%","78.9%","33.9%","4.6%","61.6%","4.6%","43.9%","53%","29%","9.3%","61%","11.9%","99","448","166","25","452","42","279","515","187","53","303","59"
249,"38.3%","77.7%","32.5%","10.7%","55.4%","9.4%","38.6%","43.3%","31.9%","11.2%","61%","18.4%","72","240","96","33","199","37","107","184","80","25","136","41"
250,"42.9%","74.1%","53%","12.8%","77.3%","17.8%","67.8%","76.7%","56.8%","20.6%","86.6%","27.7%","376","748","450","116","805","227","643","944","298","104","425","136"
251,"49.7%","86.5%","55.7%","14.6%","75.9%","21.5%","66.4%","75.7%","53.4%","17%","83.1%","28.2%","433","876","559","157","944","306","794","1,164","700","163","1,074","364"
252,"50.2%","78.4%","60.6%","22.6%","80.2%","28.7%","74.6%","80%","62.1%","20%","83.1%","31.9%","323","545","362","141","556","230","473","623","419","102","557","214"
253,"47.9%","82.3%","56.6%","21%","77.4%","24%","67.8%","75.3%","62.8%","21%","82.5%","30.4%","571","1,044","684","268","1,127","407","905","1,271","954","323","1,315","485"
254,"39%","77.4%","38.1%","6.4%","70.1%","9.4%","50%","69.4%","41.3%","8.2%","67.5%","13.5%","69","185","80","18","319","49","215","588","365","56","872","174"
255,"53.5%","86.8%","61%","24.6%","82.5%","27.9%","71%","79.8%","60.1%","19.5%","83%","26.8%","874","1,517","1,004","424","1,536","621","1,351","1,855","1,280","409","1,710","553"
256,"53.4%","81.2%","56.3%","7%","81.9%","20.1%","66.2%","82.4%","59.4%","11%","84.8%","19%","771","1,324","904","128","2,076","734","2,314","4,574","3,787","538","6,149","1,378"
257,"39.9%","78.1%","45.8%","9.6%","70.4%","11.1%","57.4%","64%","45.9%","9.5%","77.3%","16.1%","545","1,317","684","160","1,522","302","1,204","1,863","1,014","204","1,629","340"
258,"40.8%","74.5%","50.4%","16%","72.3%","18.5%","59.2%","68.4%","44.6%","16.7%","77%","22.3%","594","1,201","707","233","1,232","390","956","1,439","770","274","1,421","411"
259,"39.4%","74.9%","45.2%","10.8%","68.4%","16.8%","58.8%","65.3%","44.8%","15.7%","78.2%","25.6%","453","955","550","137","1,040","280","767","1,158","616","213","991","325"
260,"51.4%","81%","57.8%","23.9%","75.5%","26.1%","65.4%","73.2%","49.6%","22.4%","80.3%","28.5%","1,009","1,800","1,121","472","1,664","656","1,294","1,878","1,039","388","1,653","586"
261,"44.4%","75.7%","53.5%","22.2%","79.5%","24.7%","69.9%","75.5%","57.5%","19%","86.2%","30.3%","594","1,076","627","273","1,142","423","933","1,251","836","262","1,176","413"
262,"52.8%","81.7%","63.1%","26.8%","83.2%","28.1%","74.9%","82.5%","65.7%","21.1%","88.5%","30.4%","1,186","1,946","1,327","589","2,002","778","1,758","2,303","1,643","527","2,155","740"
263,"58.1%","84.4%","60.2%","29.4%","80.3%","33.6%","76.1%","81.4%","71.4%","27%","89.5%","38.2%","992","1,521","1,110","552","1,631","711","1,396","1,797","1,398","524","1,696","725"
264,"44.3%","81%","54.7%","13.7%","75.7%","22.5%","64.6%","71.1%","50.9%","17.2%","81.3%","29.6%","449","969","605","167","1,093","352","851","1,201","698","225","1,061","386"
265,"48.1%","76.4%","55.1%","24.1%","77.4%","25.8%","67.5%","75.7%","61.3%","21.9%","86.1%","32.2%","463","733","498","231","844","320","649","929","641","224","873","327"
266,"43.5%","79.2%","53.3%","12.4%","77.7%","15.6%","63.3%","74.5%","52.6%","15.9%","79.8%","23.5%","675","1,326","778","193","1,471","353","1,142","1,688","1,038","244","1,679","495"
267,"41.4%","78.3%","47.8%","10.4%","77.7%","16.7%","63.8%","71.8%","52.9%","13.9%","84%","21.3%","901","1,932","1,055","246","2,290","604","1,881","2,815","1,740","337","2,720","690"
268,"48.3%","75.8%","55.5%","21.9%","72%","20.8%","61.7%","68.7%","43.9%","16.8%","79.9%","26%","474","813","502","204","785","276","622","862","457","162","736","239"
269,"48.3%","81.4%","55.8%","26.8%","77.5%","29.5%","72.3%","76.7%","62.2%","20.8%","86.6%","33.3%","769","1,319","844","428","1,384","572","1,227","1,620","1,135","371","1,484","571"
270,"32.8%","78.1%","31%","4.8%","57.4%","6%","42.4%","50.6%","27.1%","4.3%","57.2%","8.7%","98","346","117","20","328","40","191","313","105","15","178","27"
271,"49.5%","79.9%","51.3%","20.4%","67%","24.6%","64.6%","64.1%","50.4%","24%","78.2%","29.2%","390","705","442","177","648","241","477","618","373","174","554","207"
272,"27.4%","74.6%","39%","7.2%","62.1%","6.6%","46.9%","52.8%","25.2%","7.6%","60.6%","12.1%","94","364","187","42","437","54","269","485","152","41","325","65"
273,"40.1%","81.6%","51%","9.1%","74.4%","14.8%","59.1%","72.7%","41.5%","11.2%","78.1%","19.6%","315","731","427","82","842","205","676","1,140","531","117","983","246"
274,"20.7%","82.6%","48.1%","8%","68.1%","10.9%","54%","63.1%","32.6%","6.4%","66.8%","9.6%","78","300","117","23","291","57","235","387","157","27","272","39"
275,"46.7%","81.3%","58.7%","24.3%","79.5%","24.4%","66.5%","73.3%","56.7%","23.2%","81.6%","33.9%","555","989","640","284","1,097","379","832","1,140","726","224","1,058","439"
276,"47.8%","81.6%","56.3%","18.4%","78.6%","23.3%","66.5%","76.3%","56.2%","15.8%","84.9%","27.9%","511","976","585","199","1,004","344","794","1,125","725","152","1,065","350"
277,"45.9%","80.1%","56.4%","14.9%","79.2%","20%","66.4%","79.4%","56.8%","16.8%","83.7%","28.7%","363","750","541","157","1,105","344","1,036","1,681","1,196","367","2,011","689"
278,"27.1%","80.7%","40.8%","7.5%","70.9%","10.4%","54%","63.1%","37.7%","7.4%","71.5%","16.4%","173","588","263","56","642","109","428","719","325","61","621","142"
279,"35%","78.5%","48.4%","12%","73%","13.2%","59.8%","65.4%","44.8%","11.4%","75.2%","18.3%","259","631","322","89","667","137","474","713","369","88","583","142"
280,"31.3%","66.3%","40.2%","9.7%","67.7%","9.1%","46.2%","61.1%","33.1%","8.4%","66.4%","13.5%","170","431","215","55","447","75","271","515","226","55","458","93"
281,"35.7%","74.1%","46.7%","8.7%","72.1%","15%","57.7%","66.9%","46.1%","13.2%","79.7%","22.5%","180","392","208","44","432","111","319","569","310","84","486","137"
282,"43.6%","77.4%","50.4%","13.4%","71.1%","18.1%","61.5%","66.6%","43.5%","14.6%","79.7%","22.1%","309","620","373","104","624","178","477","735","389","124","683","189"
283,"43.2%","76.8%","48.5%","15.1%","71.6%","20.3%","64.2%","68.6%","47.4%","18.4%","79.1%","26%","626","1,179","695","227","1,256","379","970","1,391","751","285","1,293","425"
284,"52.2%","83.2%","57.2%","20%","82.5%","18.1%","72.2%","78.6%","53.7%","10.2%","78%","16.9%","311","477","349","127","574","137","462","1,518","1,043","143","1,500","324"
285,"--","--","--","--","--","--","--","--","0%","0%","42.9%","0%","0","0","0","0","0","0","0","0","0","0","3","0"
286,"29.6%","62.9%","38%","2.5%","58.2%","3.4%","49.6%","54.9%","37.7%","7%","77.9%","9.6%","89","202","104","7","188","12","116","203","107","14","194","24"
287,"29.9%","75.7%","37.6%","4.6%","65.2%","7.2%","47.6%","59.3%","38%","8.2%","68%","15.5%","260","703","321","46","880","119","584","1,001","468","69","806","184"
288,"52.9%","81.8%","64.4%","16.6%","83.1%","21.2%","71.5%","80.5%","63.9%","21.1%","84.2%","34.3%","723","1,152","819","219","1,233","356","1,033","1,383","1,032","273","1,392","567"
289,"42.2%","74.6%","45%","11.8%","74.4%","15.9%","56.2%","70.5%","48.4%","13.4%","80.4%","23.8%","745","1,527","779","218","1,690","465","1,295","2,447","1,634","361","3,061","905"
290,"32%","66.1%","46.3%","15%","62.4%","13.5%","49.4%","62.2%","46.8%","8.6%","69.6%","15.5%","125","283","156","52","236","69","163","364","434","111","1,710","381"
291,"27.3%","70.1%","37%","6.7%","57.9%","7.5%","40.6%","50.5%","27.4%","7.2%","60.4%","11.6%","156","526","224","43","483","81","288","537","207","48","390","75"
292,"23.9%","73%","40.7%","6.4%","60.8%","7.2%","39.8%","56.2%","28.9%","5%","63.4%","9.2%","101","356","175","29","354","48","190","397","154","25","302","44"
293,"31.3%","72%","38.4%","9.8%","61.1%","12.2%","50.3%","54.6%","40.8%","13%","70.3%","20.4%","137","404","205","53","394","83","237","377","207","60","351","102"
294,"33.6%","77.8%","43.3%","12.8%","61.1%","14.1%","52.2%","53.9%","38.9%","13.8%","66.1%","19.7%","167","442","226","70","400","110","284","417","197","74","483","144"
295,"39.7%","75.1%","49.9%","14.3%","69.4%","14.6%","56.6%","66.4%","43.3%","18.3%","73.6%","25.6%","277","616","346","102","565","139","383","581","287","118","495","172"
296,"52.8%","80%","62.9%","21.2%","84.1%","22.8%","67.6%","81.6%","54.1%","15.4%","82.8%","25.1%","374","577","496","182","969","188","468","1,404","865","219","1,574","477"
297,"63.5%","88.9%","70.5%","38.2%","89.9%","42.4%","78.5%","87.4%","73.4%","35.9%","89.3%","46.1%","191","304","222","121","303","159","267","326","267","128","300","155"
298,"26.6%","78.1%","35.3%","3.8%","61.1%","8.5%","47.2%","54.5%","33.4%","6.6%","66.9%","13.7%","122","397","160","20","406","35","146","484","194","35","338","69"
299,"35.1%","70.4%","48.9%","12.5%","71.9%","14.1%","61%","70.2%","42.7%","12.6%","78.4%","21.3%","523","1,191","674","182","1,357","333","1,043","1,647","843","233","1,478","401"
300,"31.1%","78.1%","47.6%","7.5%","67.1%","0%","0%","60.3%","48.6%","13.9%","77.8%","19%","127","324","192","36","392","0","0","442","270","66","361","88"
301,"44.3%","75.4%","57.6%","17.9%","76.9%","20.8%","62.2%","73.7%","49.7%","15.3%","81.7%","22.2%","511","964","634","213","1,142","364","851","1,233","687","208","1,072","291"
302,"48.5%","84.3%","57.3%","24.4%","80.5%","27.7%","69.9%","76%","62.7%","28.3%","86.9%","37.6%","744","1,383","860","392","1,431","544","1,152","1,620","1,110","490","1,492","646"
303,"37.2%","75.5%","47.2%","15.7%","74.8%","16%","58.6%","68.2%","40.5%","13.5%","79.8%","24.7%","256","578","293","109","660","182","503","787","397","116","556","172"
304,"12.8%","74.4%","28%","2%","49.5%","4.3%","40.4%","41.8%","21%","4.2%","62.2%","9.9%","16","166","68","5","157","16","95","140","37","6","69","11"
305,"46.9%","79%","56.2%","19.6%","75.6%","20.7%","59%","74.4%","49.1%","18%","80.4%","27.5%","232","428","263","94","425","140","306","607","368","131","594","203"
306,"18%","76.4%","37%","8%","62.1%","10.7%","44.6%","57.9%","31.2%","10%","54.1%","14.3%","39","207","134","30","329","71","221","381","142","40","288","76"
307,"47%","76.2%","52.9%","15%","72.8%","17.6%","60.6%","66.2%","45.3%","18%","77.4%","23.8%","665","1,269","751","230","1,363","391","1,020","1,429","789","296","1,238","381"
308,"41.8%","80.1%","50.9%","15.8%","79.3%","17.7%","67.3%","78.4%","59%","21.9%","85.2%","26.2%","270","584","323","106","576","159","507","721","489","177","701","216"
309,"49.3%","82.6%","58%","17.6%","82.4%","23.3%","71.4%","81.8%","63.8%","18.8%","89%","27%","467","888","584","184","944","306","787","1,102","798","174","1,070","325"
310,"41.5%","82.4%","52.3%","16.6%","77.3%","23.8%","68.8%","74.8%","57.2%","15%","83.4%","23.7%","512","1,076","637","213","1,063","386","927","1,227","842","170","1,179","335"
311,"43.2%","73.7%","55.6%","25.2%","72.2%","23.7%","58.7%","63.2%","49.1%","22.9%","75.9%","31.9%","366","685","414","190","630","257","450","604","365","165","562","236"
312,"36.1%","72.9%","35.2%","9.7%","58.4%","9.9%","48.3%","48.9%","35.9%","12.5%","66.8%","19.1%","209","520","243","69","551","101","348","453","210","68","360","103"
313,"31.4%","66.5%","47.3%","11.7%","71.6%","13.7%","58%","69.3%","40.9%","10.6%","77.4%","19.3%","260","580","306","80","591","145","416","692","369","63","659","164"
314,"34.9%","74.5%","44.9%","19.2%","67.1%","18.3%","59.1%","61.6%","52.6%","21.9%","78.1%","30.4%","271","683","358","158","623","207","448","642","419","165","604","235"
315,"38.6%","75.7%","59.5%","24.6%","83.1%","21.1%","64.5%","79.3%","56.5%","14.6%","78.2%","24.3%","165","356","232","103","665","232","613","1,215","774","182","1,063","330"
316,"39%","68%","41.9%","13.7%","62.8%","12.9%","51%","57.6%","31.7%","12.9%","69.4%","16.8%","467","941","494","168","955","231","597","1,020","412","152","816","198"
317,"30.9%","68.5%","45.9%","12.5%","60.6%","13.9%","48.2%","57.1%","36%","13.8%","67.4%","17.9%","151","383","203","56","323","89","206","341","138","50","267","71"
318,"50.2%","81.2%","64.8%","29.7%","84.3%","28.3%","70%","82.4%","64.5%","30.4%","89.4%","35.6%","558","925","605","291","950","335","706","1,085","845","379","1,091","434"
319,"35.4%","64.9%","48.8%","16.8%","74.3%","17.1%","60.4%","70.9%","43.1%","14.9%","79.4%","20.7%","615","1,215","670","239","1,209","367","921","1,487","758","189","1,316","343"
320,"52.1%","85.6%","60.2%","29.8%","86.7%","39.3%","75.8%","88.2%","73.4%","32.5%","88.1%","37.7%","345","610","391","196","638","322","547","704","561","258","740","317"
321,"33.1%","75.8%","40.6%","12.4%","59.5%","12.4%","48.7%","58.5%","35.5%","11.9%","63.3%","15.3%","201","572","284","89","501","119","323","554","254","77","444","107"
322,"44%","73.3%","54.4%","18.9%","72%","18.7%","59.3%","70.5%","46.7%","18.2%","79.8%","22.6%","286","511","303","111","503","156","368","541","301","113","495","140"
323,"42.8%","76.6%","43.2%","13.1%","63.9%","17.5%","58.6%","61.3%","40.3%","15.6%","74.5%","18.2%","569","1,108","602","189","1,024","280","690","1,104","545","202","946","231"
324,"52%","79.4%","61%","24.6%","82.5%","29.5%","72.3%","80.9%","62.7%","22.7%","83.3%","28.9%","609","1,004","661","276","1,016","413","820","1,111","815","250","1,120","388"
325,"52.1%","78.5%","52.2%","22.7%","69.3%","22.8%","60.1%","69.5%","51.6%","17.7%","80.2%","27.3%","765","1,211","810","362","1,242","427","955","1,308","792","268","1,200","409"
326,"29%","71.8%","43.7%","14%","61.9%","14.1%","50.7%","55.6%","39.8%","16.3%","71%","25%","179","476","233","78","421","113","279","392","167","59","281","99"
327,"37.5%","77.3%","36.8%","8.7%","59%","10.4%","51%","57.5%","32.7%","11.4%","62.5%","13.1%","236","627","288","69","533","98","345","555","221","84","496","104"
328,"44.4%","70.5%","57.4%","20.6%","69.4%","22.8%","63.5%","67.9%","48%","18.1%","78.2%","24.8%","279","481","302","112","450","181","377","517","324","122","693","220"
329,"43.8%","79.7%","48.7%","15.2%","67.8%","20.5%","65.6%","68.4%","48.5%","19.1%","75.6%","26.3%","461","932","553","178","893","288","721","1,020","568","218","966","336"
330,"40.8%","76.6%","52.6%","16.4%","74.6%","18.2%","54.3%","69.5%","43.9%","12.2%","76.5%","21.3%","404","840","493","163","865","260","593","1,000","531","145","925","258"
331,"45.5%","80.8%","49.4%","13.7%","66.9%","12.1%","51%","64.4%","35.2%","10.4%","68.1%","14.3%","213","489","268","71","561","145","503","878","416","127","1,131","237"
332,"42.3%","79.3%","50.7%","13.9%","74.6%","16.8%","62.6%","70%","45%","11.7%","79.2%","21.6%","334","791","466","137","857","224","632","969","499","123","859","234"
333,"43.5%","74.5%","53.6%","18.1%","75.1%","19.7%","59.7%","67.7%","46%","15.1%","79.2%","25.6%","646","1,271","767","266","1,293","418","977","1,421","795","249","1,335","431"
334,"20.4%","77%","41.8%","6.7%","65.7%","7.1%","48.8%","60.8%","28.5%","4.3%","65.5%","12.9%","23","94","33","6","65","8","41","90","41","6","91","18"
335,"48%","84.1%","57.2%","16.5%","82.3%","22.9%","69%","83.8%","64.1%","18.2%","85.4%","29.2%","766","1,433","1,005","302","1,659","554","1,481","2,425","1,863","450","2,736","936"
336,"45.4%","81.3%","42.6%","10.5%","71.2%","15%","58.9%","69.5%","43.5%","11.3%","76%","19.1%","769","1,817","1,005","263","2,077","480","1,540","2,714","1,398","269","2,562","645"
337,"46.7%","81.3%","55.6%","17.6%","80.4%","21.8%","67.3%","77.7%","57%","13.8%","84.6%","23.9%","485","935","563","189","1,010","315","797","1,139","756","132","1,122","317"
338,"30%","79.1%","34.8%","5.7%","61.2%","8.6%","50.7%","67%","44.3%","7%","63%","12.2%","146","681","310","60","835","150","632","1,342","626","96","1,205","233"
339,"29.4%","73.9%","37.3%","6.1%","71%","6%","49.8%","64.8%","44.3%","7.2%","70.1%","14.8%","104","454","219","50","870","118","682","1,142","551","91","1,066","225"
343,"41.6%","77.5%","57.4%","23.7%","79.5%","27.7%","70.6%","77%","62.6%","23.2%","85.4%","36.9%","340","771","497","220","959","427","861","1,318","1,090","353","1,534","663"
344,"31.5%","71.6%","45.7%","13.2%","74.2%","18.6%","66.5%","70.5%","57.9%","21%","85.6%","33.7%","240","698","362","116","881","263","684","970","660","237","1,048","413"
345,"46.9%","78.4%","53.9%","24.1%","78.1%","21.7%","61.8%","70.1%","46.7%","13.9%","75.7%","18.7%","225","411","243","115","421","134","306","433","278","82","526","130"
346,"38.2%","76%","43.4%","11.1%","63.3%","13.6%","51.3%","58.6%","36.2%","11.9%","71.4%","18.2%","427","1,096","573","151","1,031","246","656","1,092","487","148","853","217"
347,"33%","71.3%","48.3%","17.8%","65.2%","17.7%","58.7%","68.7%","56.2%","19.5%","80.7%","25.7%","146","341","187","71","290","98","233","446","301","112","549","175"
348,"50.2%","77.1%","59.4%","22%","78.9%","26.3%","66.3%","76.9%","55%","16.2%","83.4%","27.2%","980","1,575","1,023","396","1,596","608","1,218","1,834","1,184","344","1,799","586"
349,"51.5%","78.5%","56.6%","30%","74.7%","34.8%","72.9%","78%","59.9%","24%","79.5%","29.8%","473","840","507","291","665","361","580","962","591","235","816","306"
350,"58%","83.7%","65.3%","34.6%","84.7%","38.4%","74.1%","82.1%","68.6%","31.9%","86.4%","39.7%","561","856","621","353","916","468","762","1,035","781","350","957","439"
351,"51.2%","83.5%","58.1%","28.4%","82%","30.4%","73.8%","83.9%","63.8%","24.6%","88.8%","34.6%","320","565","394","199","639","273","580","774","546","206","747","291"
352,"43.1%","83.7%","48.3%","17%","71.9%","19.1%","65.4%","70.5%","54.1%","14.5%","81.6%","23.3%","433","974","535","206","967","273","758","1,096","657","171","951","272"
353,"51.7%","81.7%","63.6%","30.8%","85.3%","35.6%","75.4%","84.2%","72.6%","27.2%","89.6%","36.8%","912","1,534","1,070","532","1,572","753","1,378","1,834","1,523","568","1,956","804"
354,"35.5%","76.5%","44%","14.8%","72.4%","14.3%","60.6%","63.5%","47.6%","14.1%","78.4%","23.1%","296","695","335","129","761","178","551","859","480","131","730","215"
355,"36.4%","82.3%","48.4%","9%","67.3%","11.6%","52%","59.6%","39.3%","9.6%","75.1%","16.2%","247","609","318","69","610","111","351","737","359","82","650","140"
356,"47.4%","82.2%","56.1%","19.6%","78.5%","21%","65.9%","75.3%","57%","16.4%","84.5%","23.9%","1,250","2,371","1,476","558","2,537","792","2,118","3,066","2,053","575","2,914","823"
357,"48.6%","82.6%","61%","28%","82.3%","29%","71.8%","78%","69.7%","25.8%","86.4%","38.4%","746","1,439","968","463","1,578","615","1,255","1,634","1,279","466","1,576","701"
358,"54.4%","84.8%","65.3%","33.1%","82.5%","31.7%","69%","75.9%","64.4%","27.5%","84.3%","33.6%","1,039","1,601","1,191","641","2,028","881","1,691","2,308","1,712","748","2,397","955"
359,"59.5%","85.8%","65.4%","34.1%","85.9%","38%","79.5%","87%","72.5%","33.9%","90.6%","42.3%","962","1,447","1,024","554","1,493","736","1,375","1,721","1,331","625","1,673","782"
360,"46.9%","79.1%","43.8%","12.9%","70.2%","17%","61.1%","71.2%","41.6%","10.1%","79%","21%","937","1,809","995","307","1,902","504","1,458","2,399","1,310","266","2,549","677"
361,"31.9%","69.6%","36.2%","10.4%","62.3%","13.5%","50.8%","66%","48.1%","9.8%","74.9%","16.9%","155","471","233","74","691","183","561","1,173","752","154","1,451","327"
362,"41.8%","77.9%","50.7%","17.7%","68.2%","18.2%","55.2%","61.7%","41.6%","16.8%","74.6%","23.8%","840","1,751","977","350","1,526","469","1,014","1,504","738","272","1,260","401"
363,"38.5%","74.6%","40.4%","13.3%","60.7%","11.4%","48.1%","52.6%","33.8%","10.7%","60.4%","16.5%","445","1,148","564","195","1,044","240","687","1,048","521","154","938","257"
364,"65.6%","89.2%","70.5%","49.5%","87.4%","47%","78%","88.1%","73.4%","34.5%","89.3%","44.2%","1,124","1,696","1,256","910","1,707","1,054","1,582","1,934","1,543","715","1,828","905"
365,"33.8%","70%","52.2%","23.9%","75.4%","23.4%","66.5%","70.1%","53.4%","19.5%","79%","32.7%","263","602","351","167","638","246","517","732","473","159","645","267"
366,"32%","69.9%","46.3%","18%","70.7%","20.2%","61.3%","64.3%","49.4%","17.7%","76.9%","26.3%","130","306","163","67","347","125","280","407","236","81","356","122"
367,"43%","78.2%","56.2%","24.8%","79.9%","24.8%","70.4%","74.2%","62.9%","22.4%","83.1%","35.8%","1,161","2,481","1,496","730","2,986","1,090","2,424","3,528","2,491","836","3,191","1,374"
368,"39.5%","71.8%","49.6%","16.3%","75.4%","18.9%","60.7%","72.3%","52.1%","14%","83.3%","25.7%","606","1,200","675","234","1,284","356","865","1,470","850","219","1,225","378"
369,"37.4%","74.7%","36.2%","9.6%","61%","11.4%","45.9%","53.8%","36.3%","13.8%","70%","16.6%","235","576","238","63","444","100","261","408","224","90","597","142"
370,"28.5%","71.9%","34.2%","9%","57.1%","9.8%","42.9%","49.3%","28.8%","11.3%","57.7%","14.1%","355","1,064","483","131","1,001","186","516","985","391","146","788","192"
371,"42.5%","75.7%","52.4%","20.9%","68.8%","19.2%","56.8%","62.4%","41.3%","16.7%","69.4%","19.7%","1,592","2,970","1,756","713","2,738","886","1,839","2,683","1,442","573","2,683","762"
372,"46%","81.4%","55.7%","17.1%","80.9%","22.4%","68.4%","78.6%","58.5%","17.1%","85.2%","28.1%","3,000","5,675","3,464","1,130","6,031","1,920","4,824","6,903","4,712","1,364","6,781","2,235"
373,"60.7%","84.7%","67.8%","38%","85.5%","40.9%","77.6%","83.1%","68.4%","35%","89.3%","40.1%","1,122","1,577","1,165","675","1,654","850","1,394","1,838","1,406","722","1,807","811"
374,"42.9%","77.3%","49.8%","18.3%","65.4%","16.9%","53.1%","56.9%","40.7%","20.3%","69.2%","22.4%","624","1,264","738","277","1,177","344","754","1,143","601","270","1,002","324"
375,"62.3%","85.9%","67.4%","36.2%","86.1%","41%","76.4%","86.8%","72%","37.1%","90.3%","39.6%","1,148","1,676","1,197","663","1,698","913","1,500","1,938","1,544","807","1,988","871"
376,"43.2%","74.4%","55.3%","15.8%","77.1%","19.4%","63.2%","74.4%","52.4%","14%","81.6%","22.9%","933","1,801","1,099","333","1,931","578","1,451","2,214","1,299","338","2,031","571"
377,"49.9%","82.9%","56.1%","17.5%","78.2%","21.6%","66.2%","75.1%","50.9%","17.6%","82.3%","27.6%","1,367","2,564","1,610","527","2,835","893","2,194","3,202","1,838","553","2,924","979"
378,"50.7%","81.1%","65.5%","36.8%","85.7%","35%","74.9%","83%","69%","29.3%","88.9%","40.9%","1,467","2,524","1,759","1,037","2,853","1,424","2,644","3,724","2,649","1,093","3,320","1,529"
379,"54.8%","84.7%","60.3%","27.5%","83.4%","28.5%","72%","82.2%","63.3%","15%","86.8%","26.9%","1,510","2,439","1,621","770","2,525","981","2,123","2,757","2,013","468","2,641","818"
380,"53.1%","83.1%","60.3%","28.8%","82.9%","31.3%","73.8%","82.7%","67%","20.5%","87.7%","31.4%","1,984","3,292","2,123","1,062","3,277","1,419","2,870","3,869","2,908","889","3,674","1,315"
381,"38.4%","76.7%","51.2%","17.4%","75.7%","22.4%","65.5%","75.3%","59.7%","17.6%","80.6%","27%","674","1,517","920","348","1,865","614","1,518","2,632","1,880","533","2,453","821"
382,"23.6%","66.9%","29.4%","9.4%","56%","11.3%","50.5%","44.1%","40.7%","13.4%","67%","19.2%","393","1,183","530","187","1,249","342","910","1,127","721","233","1,288","370"
383,"42.9%","74.9%","43.9%","18.9%","64.4%","22.6%","60.7%","65.1%","58%","24%","85.3%","34.1%","692","1,387","767","344","1,325","489","1,061","1,556","1,054","423","1,493","597"
385,"31.1%","72.4%","39%","11.2%","57.4%","11.1%","47.5%","52.5%","32%","10.1%","63%","13.9%","731","1,968","1,000","298","1,800","392","1,192","1,941","829","244","1,560","345"
386,"34.6%","76.7%","47.5%","16.4%","66.4%","18.3%","64%","70%","61.8%","23%","83.4%","30.5%","369","920","555","198","916","293","757","1,271","971","369","1,321","483"
387,"36.3%","71.3%","37.8%","11.1%","56.5%","14.4%","49.7%","55.5%","35.8%","11.2%","63.7%","13.8%","527","1,189","637","191","1,111","298","721","1,194","544","168","1,141","248"
388,"38%","73.2%","43.9%","13.4%","70.8%","19.2%","65.4%","69.1%","54.7%","14.6%","74.7%","21.7%","379","832","474","160","1,172","513","1,325","1,798","1,027","259","1,340","389"
389,"42%","73%","49.9%","19.4%","70%","18.2%","56%","69.3%","48.8%","17.3%","79.5%","26%","1,444","2,497","1,573","627","2,756","785","1,818","3,336","1,929","649","2,936","960"
390,"35.1%","72.1%","53.9%","17%","76.8%","17.2%","61.8%","72.1%","51.9%","17.3%","79.7%","26.7%","252","577","323","109","637","183","512","824","500","158","791","265"
391,"59.7%","84.1%","60.2%","33.1%","78.4%","38.4%","75.7%","80.2%","70.3%","34.6%","90.8%","44.2%","1,047","1,523","1,068","606","1,502","780","1,350","1,679","1,409","670","1,616","786"
392,"59.7%","87.1%","65.7%","38.8%","83.8%","42.7%","77.6%","81.2%","70.9%","31.8%","88.4%","41.7%","3,327","5,306","3,843","2,361","5,717","3,005","4,855","6,304","4,988","2,235","6,090","2,876"
393,"42.5%","75.4%","53.8%","23.1%","77.7%","24.6%","65.8%","75.5%","61.2%","21.9%","84.3%","29.6%","1,451","2,839","1,674","759","3,051","1,104","2,410","3,876","2,679","948","3,853","1,351"
394,"47.1%","79.2%","54.2%","22.8%","77.6%","24.5%","64.7%","75.3%","60%","20.5%","84.7%","28.9%","618","1,166","693","307","1,267","459","984","1,529","1,026","345","1,450","495"
395,"50.7%","79.1%","61.1%","15.2%","82.2%","19.8%","70.4%","81%","61.2%","19.3%","82.9%","29.6%","531","862","582","150","1,000","298","913","1,205","941","218","1,248","445"
396,"43.9%","77.8%","52.9%","5.3%","80.9%","9.6%","66.9%","82.3%","56.8%","11.8%","87.3%","18.3%","667","1,234","729","76","1,402","176","1,043","1,849","1,179","188","1,851","388"
397,"27.6%","76.1%","41%","4.3%","69%","4.5%","47.9%","62.6%","43.9%","11.5%","70.5%","16.2%","159","483","243","33","725","56","470","888","461","97","647","149"
398,"44.6%","84.1%","54.9%","9.2%","78.9%","12.6%","65.4%","76.5%","57.4%","16.9%","84.2%","23.9%","136","332","212","40","442","80","355","502","340","69","486","138"
399,"38.8%","83.3%","53.8%","9.2%","78.1%","10.8%","61.1%","72.8%","55.7%","17.6%","80.8%","25.9%","369","857","536","103","1,090","170","779","1,225","763","191","1,034","331"
400,"54.5%","84.3%","62%","16.1%","84.1%","26.7%","77.4%","84.2%","70.9%","28.6%","89.1%","41.9%","982","1,548","989","262","1,474","532","1,355","1,715","1,344","418","1,652","778"
401,"48.9%","77.7%","56.1%","10.9%","78.9%","16.3%","65.2%","76%","58.6%","22%","83.2%","34.9%","682","1,110","688","141","1,149","278","893","1,216","838","243","1,310","549"
402,"54.4%","83.5%","62%","13.1%","84.6%","22.1%","74.9%","84.1%","64.6%","28.3%","88.1%","34.9%","599","918","583","128","920","242","709","1,030","831","264","1,113","441"
403,"52.2%","82.4%","61.4%","13.1%","82.8%","16.8%","71.6%","83.8%","67.1%","22.5%","88.3%","33.4%","557","977","704","156","1,145","270","1,023","1,590","1,228","310","1,736","656"
404,"42.6%","76.8%","51.6%","17.3%","76.8%","19%","63.8%","73.5%","56.5%","25.8%","83.7%","29.9%","404","788","454","159","810","229","601","912","610","265","880","314"
405,"38.9%","80.9%","47.3%","9.2%","79.3%","9.8%","59.7%","75.2%","54.2%","16.1%","84.2%","25.6%","640","1,486","772","161","1,667","233","1,188","1,915","1,118","327","1,748","531"
406,"54.6%","79.4%","65.7%","13.4%","84.3%","18%","71.5%","83.1%","64.1%","20.2%","87.6%","32%","811","1,267","940","202","1,459","309","1,070","1,622","1,173","288","1,623","592"
407,"49.2%","80.1%","57.1%","15.4%","80.8%","18.1%","69.2%","81.3%","59.9%","22.9%","85.3%","32.9%","551","953","601","168","1,015","264","839","1,199","847","265","1,434","554"
408,"55.3%","82.6%","65.7%","18.7%","83.4%","21.8%","73.4%","82.6%","67.2%","23.2%","88.5%","35.7%","974","1,612","1,138","335","1,657","497","1,485","1,951","1,389","342","1,774","716"
409,"60.3%","88%","66.4%","20.9%","84.1%","23.3%","71.4%","82.9%","67.2%","31.1%","88%","39.1%","1,015","1,597","1,170","386","1,673","515","1,417","1,983","1,539","588","1,961","871"
410,"45.5%","77.7%","58.4%","11.1%","81.7%","16.9%","69.8%","79.7%","65.8%","27.7%","85.2%","34.8%","389","721","454","96","833","206","718","955","742","226","892","364"
411,"34.5%","80.3%","42.9%","5.9%","78.8%","9.9%","65.4%","77.3%","52.7%","14.5%","85%","24.1%","235","652","303","46","704","14","85","848","520","139","798","226"
412,"53.4%","79.7%","57.8%","12.8%","83%","13%","64.7%","81.5%","61.6%","21.5%","79.8%","27%","211","349","227","51","380","70","306","462","390","157","878","297"
413,"48.9%","84.8%","58.6%","21.5%","82.1%","15.8%","64.1%","82.3%","62.1%","27.8%","86.1%","33.6%","1,002","1,874","1,207","470","1,957","419","1,466","2,220","1,573","622","2,156","842"
416,"27.2%","78.8%","37.3%","5.1%","68.1%","5.2%","51.3%","67.2%","43.8%","12.8%","74.7%","16.4%","159","484","209","34","606","51","382","741","347","93","551","121"
417,"40.4%","81.4%","46.9%","13.5%","73.3%","10.5%","62.2%","73.3%","55.4%","23.6%","84.2%","27.6%","372","865","496","150","886","149","771","1,164","777","339","1,314","430"
418,"44.2%","84.4%","53.5%","12.7%","80.6%","11.6%","64.7%","79.5%","59.6%","22.7%","83.9%","26.8%","719","1,479","890","227","1,570","240","1,189","1,791","1,275","485","1,786","570"
419,"53.5%","86.3%","60.2%","23%","84.1%","18.4%","69.3%","85.2%","65.9%","33.4%","89.4%","34.8%","991","1,711","1,162","460","1,739","403","1,422","2,376","1,412","713","1,902","741"
420,"52.4%","85.7%","59.4%","18.5%","82.2%","15.6%","69.3%","80.7%","66.2%","28.3%","87.3%","32.3%","790","1,391","909","304","1,482","315","1,203","1,700","1,246","520","1,594","590"
421,"42%","84.3%","55.2%","13.1%","82.6%","11%","66.6%","81.9%","61.1%","28.2%","86%","34.5%","277","662","453","117","950","149","803","1,181","815","366","1,163","467"
422,"28.3%","67%","41.2%","9.1%","72.1%","8%","54.5%","71.3%","46.9%","17.5%","77.7%","23.3%","229","602","296","76","813","133","746","1,353","761","259","1,152","346"
423,"50%","81.2%","59.2%","11.4%","80.2%","16.3%","71.9%","84.4%","61%","19.9%","86.7%","30.2%","574","1,042","715","147","1,289","319","1,257","1,982","1,469","382","2,431","846"
424,"59.6%","86.3%","66.7%","22.3%","84.3%","27%","71.9%","84.2%","62.9%","28%","86.9%","33.5%","627","944","697","245","990","306","730","1,145","822","302","1,157","446"
425,"53.1%","84.8%","62.6%","11.9%","85.5%","17.8%","77%","86%","63.5%","17.8%","87%","29.2%","407","708","483","95","768","180","688","897","631","129","881","296"
426,"43.3%","78.9%","54.4%","10.3%","82.4%","15.9%","65%","78.4%","56.4%","20%","85.2%","29.4%","469","922","547","110","994","222","776","1,110","711","184","1,002","346"
428,"49.9%","80.7%","61%","15.5%","80.6%","16.3%","68.6%","79.1%","59.7%","20.2%","84.7%","28.7%","386","654","476","128","784","187","694","974","673","169","968","328"
430,"34.1%","77.1%","46%","11.3%","68.3%","11.1%","54.7%","63.3%","43.8%","15.8%","76.7%","18%","335","1,016","551","155","1,258","264","1,073","1,770","956","238","1,537","361"
431,"39%","74.4%","51%","9.1%","73.4%","10.8%","62.1%","75.6%","50.3%","14.6%","84.1%","27.8%","391","796","468","87","795","143","651","1,011","616","132","1,147","379"
432,"47.8%","79.4%","58.5%","14.1%","80.2%","20.1%","71.2%","79.2%","64.7%","20.3%","89%","37.1%","815","1,444","949","237","1,460","415","1,180","1,603","1,166","355","1,510","630"
433,"54.6%","83.6%","61.4%","13.4%","83.1%","24.3%","73%","82.8%","67.8%","22.8%","91.2%","39.3%","350","577","388","87","571","193","492","629","464","119","611","263"
434,"50.8%","84.5%","60.9%","9.7%","84.5%","10.4%","68.1%","83.8%","64.2%","20.9%","87.5%","29.3%","737","1,416","1,020","175","1,855","268","1,654","2,507","2,060","530","3,164","1,061"
435,"59.9%","83.7%","66.2%","18.1%","84.6%","18.8%","71.6%","84.4%","66.3%","24.3%","90.6%","34.5%","263","394","280","80","412","101","325","437","327","90","436","166"
436,"40%","74.5%","53%","8.7%","78.4%","10%","58.8%","75%","51.3%","13.2%","82.4%","21.3%","399","761","457","79","788","126","596","922","547","100","841","217"
437,"37.4%","78.6%","52.6%","15.8%","79.9%","12.9%","60%","82.8%","58.5%","22.6%","83.1%","29%","519","1,314","855","282","1,887","403","1,805","3,479","2,454","733","3,810","1,328"
438,"52.9%","87%","62.7%","21%","84.8%","26.2%","71.3%","85.1%","68%","33.4%","87.1%","42%","246","677","648","248","1,417","555","1,440","2,506","2,006","950","2,604","1,256"
442,"44.7%","77.7%","51.8%","7.3%","74.7%","8.5%","57.5%","71.3%","44.3%","11.9%","80%","18.7%","430","799","472","70","870","114","599","1,012","522","103","910","213"
443,"41.3%","79.2%","51.8%","6%","77.6%","9.9%","66.4%","74.5%","53%","9.4%","82.6%","16.5%","390","654","370","45","664","118","637","940","622","82","980","196"
444,"39.6%","76.7%","49%","5.2%","76.7%","7.6%","64.6%","72%","53.7%","9.9%","82.4%","16.9%","485","966","538","60","1,072","119","787","1,198","748","101","1,070","219"
445,"44.6%","82.2%","57%","18.9%","80.2%","15.1%","67%","81.2%","62.3%","28.4%","89.1%","34.4%","825","1,597","992","345","1,595","338","1,273","1,836","1,271","573","1,739","672"
446,"34.5%","81.3%","51.1%","15.4%","78.2%","9.3%","60.4%","74.9%","59.2%","21.5%","83.2%","24.9%","251","639","369","119","720","96","523","786","568","206","834","249"
447,"42.6%","82.6%","51.5%","14.2%","81%","11.3%","61.2%","81.3%","58.1%","23.3%","85.5%","29%","509","1,110","642","197","1,445","265","1,302","2,312","1,520","605","2,236","759"
448,"40.9%","81.6%","48.2%","7.9%","75.2%","10.7%","57.2%","71.1%","53.2%","18%","80.8%","26.8%","504","1,170","687","132","1,596","254","1,130","1,856","1,119","265","1,855","615"
449,"59.7%","87.7%","68.5%","23.5%","85.4%","29.8%","75.9%","84.3%","67.8%","34.4%","87.4%","40.8%","859","1,366","1,012","369","1,434","589","1,358","1,756","1,385","528","1,788","835"
450,"49.3%","84.4%","56.6%","17.8%","81.9%","14.7%","67.7%","81%","63.6%","27.2%","87.5%","31.8%","1,016","1,879","1,189","397","2,098","430","1,720","2,506","1,815","691","2,538","923"
451,"54.3%","89.4%","60.4%","12.1%","85.4%","34.9%","70.5%","86.2%","64.5%","16.8%","86.3%","23.7%","1,069","1,994","1,396","294","2,403","1,079","2,065","3,425","2,690","716","3,775","1,036"
452,"49.7%","81.1%","57.9%","22.2%","78%","14.7%","57%","79.8%","59.3%","24.9%","83.4%","31.9%","423","784","506","205","860","171","598","1,165","948","302","1,481","566"
453,"35.2%","69.7%","49.5%","31%","73%","25.8%","57.6%","67.1%","51.8%","34.5%","79.2%","33.9%","386","788","443","300","845","375","630","1,069","632","303","931","399"
454,"55.5%","84%","62.2%","17.5%","83.9%","18.6%","72.2%","80.2%","66.9%","20.6%","88.7%","31.6%","508","819","537","158","826","204","682","890","698","155","941","335"
455,"54.5%","82.2%","60.5%","12%","83.6%","15.1%","72.8%","82.4%","64.1%","18.1%","88.8%","30.3%","694","1,082","715","148","1,122","190","785","1,289","913","191","1,273","435"
456,"62.7%","86.9%","66%","12.3%","78.3%","30.5%","75.6%","84.2%","75.1%","30.2%","90.1%","46.4%","471","663","473","90","620","346","799","1,007","876","263","1,197","617"
457,"60.2%","83.6%","66.7%","18.2%","83.5%","27.3%","78.8%","84.7%","71.1%","29%","88.2%","39.4%","447","653","461","130","618","229","556","728","567","172","689","308"
458,"42.8%","78.1%","56.4%","12.5%","81.2%","18.7%","67.3%","82.1%","63.2%","24.2%","85%","29.6%","272","547","335","79","574","152","442","673","404","149","549","191"
459,"45.3%","78.6%","56%","9%","79.6%","16%","67.3%","79.1%","57.4%","15.6%","84.3%","28.2%","677","1,290","785","132","1,314","306","1,077","1,569","1,059","224","1,676","561"
460,"45.8%","77.1%","56.5%","13.2%","79.4%","19.9%","70.7%","79%","59.8%","22.9%","82.7%","33.5%","732","1,342","866","211","1,432","405","1,194","1,715","1,277","363","1,861","754"
462,"38.9%","77.2%","51.9%","12.5%","81.2%","11.3%","65.1%","82.3%","57.7%","22.3%","86.8%","29.3%","366","852","537","142","1,149","212","1,048","1,704","1,345","490","2,270","766"
463,"39.6%","75.6%","56.4%","21.9%","75.1%","14.8%","57.7%","72.8%","52.6%","22.8%","80.1%","32.2%","396","810","480","196","798","206","609","853","583","219","1,036","417"
464,"47.3%","80.7%","56%","15.8%","82.9%","13.5%","64.2%","79.3%","59.5%","22.7%","86.1%","35%","952","1,822","1,134","340","2,140","398","1,670","2,571","1,730","659","2,375","966"
465,"39.9%","75.7%","52.5%","12.6%","74%","15.4%","63.2%","75.1%","54.7%","20.1%","83.6%","28.9%","252","530","311","83","561","138","449","682","406","110","585","202"
466,"39.9%","79.6%","52.2%","14.7%","77%","11.8%","60.1%","74.1%","54.3%","20.9%","83.1%","26.5%","552","1,178","680","206","1,195","207","851","1,471","1,012","346","1,597","509"
467,"45.8%","79.6%","53.9%","13%","80.4%","11%","63.2%","79.5%","59.7%","21%","86.2%","27.5%","499","1,011","607","152","1,077","171","834","1,279","856","298","1,208","385"
468,"19%","89.2%","30.7%","2.2%","55.8%","40.4%","73.8%","42.6%","30.2%","5.8%","45.7%","9.1%","101","141","341","25","902","61","96","871","486","85","883","175"
469,"57.1%","88.7%","68.6%","20.3%","86.4%","42.5%","75.6%","84.6%","74.5%","28.7%","91.2%","39%","664","1,075","818","254","1,164","622","1,011","1,310","1,144","444","1,476","631"
470,"57.9%","84.1%","63%","14.9%","83.8%","22.5%","69.4%","80.1%","61.3%","21.1%","87.8%","31%","655","1,024","723","182","1,173","353","936","1,342","980","291","1,314","464"
471,"38.3%","80.1%","50.1%","15.5%","75.3%","19.2%","61.9%","74.4%","54.7%","19.1%","78.1%","27.2%","478","1,056","584","210","1,225","404","1,070","1,604","1,080","340","1,441","501"
472,"60.7%","85%","64.7%","24.8%","84.7%","25.2%","73.2%","84.4%","67.4%","30.4%","87.7%","38.7%","462","729","513","206","798","267","690","932","714","291","940","415"
473,"50.6%","85.2%","58.7%","17.5%","80.3%","36.2%","68.1%","79.3%","60.2%","21.9%","85.1%","36.1%","532","1,003","663","210","1,165","605","996","1,388","1,042","334","1,444","613"
474,"46.9%","81.1%","55.3%","14.3%","78.3%","18.5%","66.8%","75.6%","61.5%","24.6%","84.9%","32.6%","618","1,161","701","199","1,271","349","998","1,484","1,051","347","1,378","529"
475,"62.4%","88.2%","71.3%","31%","85.9%","53.2%","75.8%","84.6%","71.6%","29.9%","88.4%","38.5%","802","1,219","983","449","1,398","997","1,299","1,773","1,642","617","1,989","866"
476,"35.6%","76%","44.2%","14.3%","67.2%","16.1%","55.8%","61.9%","46.9%","12.6%","71.7%","20.4%","1,632","4,569","2,226","771","4,477","1,115","2,852","5,404","4,665","1,190","7,271","2,064"
